<application>
  <component name="FindSettings">
    <option name="customScope" value="All Places" />
    <option name="defaultScopeName" value="All Places" />
    <option name="showResultsInSeparateView" value="true" />
    <option name="SHOW_RESULTS_IN_SEPARATE_VIEW" value="true" />
    <option name="SEARCH_SCOPE" value="All Places" />
    <option name="FILE_MASK" value="*.php" />
    <mask>*.css</mask>
    <mask>*.html</mask>
    <mask>*.xml</mask>
    <mask>*.php4</mask>
    <mask>*.phtml</mask>
    <mask>*.php5</mask>
    <mask>*.ctp</mask>
    <mask>*.hphp</mask>
    <mask>*.module</mask>
    <mask>*.inc</mask>
    <mask>*.yaml</mask>
    <mask>*.php</mask>
  </component>
</application>