<application>
  <component name="HighlightTokenConfiguration">
    <option name="highlightTokenMap">
      <map>
        <entry key="COMMENT">
          <value>
            <list />
          </value>
        </entry>
        <entry key="KEYWORD">
          <value>
            <list>
              <option value="require_once" />
              <option value="foreach" />
              <option value="require" />
              <option value="include" />
              <option value="finally" />
              <option value="switch" />
              <option value="return" />
              <option value="elseif" />
              <option value="throw" />
              <option value="while" />
              <option value="yield" />
              <option value="break" />
              <option value="catch" />
              <option value="case" />
              <option value="else" />
              <option value="for" />
              <option value="try" />
              <option value="if" />
              <option value="do" />
            </list>
          </value>
        </entry>
        <entry key="METHOD_KEYWORD">
          <value>
            <list />
          </value>
        </entry>
      </map>
    </option>
  </component>
</application>